,mpg,cylinders,displacement,weight,acceleration,year,origin
mpg,1.0,-0.7776175081260227,-0.8051269467104577,-0.832244214831575,0.42332853690278693,0.5805409660907859,0.5652087567164604
cylinders,-0.7776175081260227,1.0,0.9508233008277828,0.8975273403408176,-0.5046833793486444,-0.34564744033808426,-0.5689315895422126
displacement,-0.8051269467104577,0.9508233008277828,1.0,0.9329944040890112,-0.5438004967345681,-0.3698552066751799,-0.6145351145726985
weight,-0.832244214831575,0.8975273403408176,0.9329944040890112,1.0,-0.4168392020037062,-0.3091198808308152,-0.5850053546657057
acceleration,0.42332853690278693,-0.5046833793486444,-0.5438004967345681,-0.4168392020037062,1.0,0.29031611333651997,0.21274580799458218
year,0.5805409660907859,-0.34564744033808426,-0.3698552066751799,-0.3091198808308152,0.29031611333651997,1.0,0.18152771836633116
origin,0.5652087567164604,-0.5689315895422126,-0.6145351145726985,-0.5850053546657057,0.21274580799458218,0.18152771836633116,1.0
